{"near-ghosts": -125.10877964887219, "near-food": -679.62266442056, "eat-food": 606.5112398550285, "bias": -320.45141305326877}